vehicle_speed,steer,throttle,brake,yaw,position_x,position_y
1.6189740108529804e-06,0.0,1.0,-1.0,8.201379387173802e-05,51.5718879699707,330.84954833984375
1.5158948372118175e-06,0.0,1.0,-1.0,8.1431440776214e-05,51.5718879699707,330.84954833984375
-2.513890649424866e-06,0.0,1.0,-1.0,8.126305328914896e-05,51.5718879699707,330.84954833984375
-1.073953285413154e-06,0.0,1.0,-1.0,8.162348240148276e-05,51.5718879699707,330.84954833984375
-4.686805255005311e-07,0.0,1.0,-1.0,8.140251884469762e-05,51.5718879699707,330.84954833984375
-1.4164569392960402e-06,0.0,1.0,-1.0,8.123063162202016e-05,51.5718879699707,330.84954833984375
-8.705454774826649e-07,0.0,1.0,-1.0,8.107724715955555e-05,51.5718879699707,330.84954833984375
9.548972457196214e-07,0.0,1.0,-1.0,8.107724715955555e-05,51.5718879699707,330.84954833984375
-9.877438742478262e-07,0.0,1.0,-1.0,8.107724715955555e-05,51.5718879699707,330.84954833984375
5.234390982877812e-07,0.0,1.0,-1.0,8.107724715955555e-05,51.5718879699707,330.84954833984375
-1.62564140282484e-06,0.0,1.0,-1.0,8.107724715955555e-05,51.5718879699707,330.84954833984375
-9.711734350048573e-08,0.0,1.0,-1.0,8.107724715955555e-05,51.5718879699707,330.84954833984375
8.741012180735197e-08,0.0,1.0,-1.0,8.107724715955555e-05,51.5718879699707,330.84954833984375
1.8295065729034832e-07,0.0,1.0,-1.0,8.107724715955555e-05,51.5718879699707,330.84954833984375
-9.266166216548299e-07,0.0,1.0,-1.0,8.107724715955555e-05,51.5718879699707,330.84954833984375
-4.754216220703711e-08,0.0,1.0,-1.0,8.107724715955555e-05,51.5718879699707,330.84954833984375
-1.4591356602977612e-06,0.0,1.0,-1.0,8.107724715955555e-05,51.5718879699707,330.84954833984375
2.684242872419418e-07,0.0,1.0,-1.0,8.107724715955555e-05,51.5718879699707,330.84954833984375
8.977161201073613e-07,0.0,1.0,-1.0,8.107724715955555e-05,51.5718879699707,330.84954833984375
1.0366081824031426e-06,0.0,1.0,-1.0,8.107724715955555e-05,51.5718879699707,330.84954833984375
-3.7950279363485606e-08,0.0,1.0,-1.0,8.107724715955555e-05,51.5718879699707,330.84954833984375
-1.2919825849166955e-06,0.0,1.0,-1.0,8.107724715955555e-05,51.5718879699707,330.84954833984375
4.850323307437066e-07,0.0,1.0,-1.0,8.107724715955555e-05,51.5718879699707,330.84954833984375
4.875516879110364e-07,0.0,1.0,-1.0,8.107724715955555e-05,51.5718879699707,330.84954833984375
-1.989151066084105e-09,0.0,1.0,-1.0,8.107724715955555e-05,51.5718879699707,330.84954833984375
3.9836987753005815e-07,0.0,1.0,-1.0,8.107724715955555e-05,51.5718879699707,330.84954833984375
1.0690757790143834e-06,0.0,1.0,-1.0,8.107724715955555e-05,51.5718879699707,330.84954833984375
-6.225121751413099e-07,0.0,1.0,-1.0,8.107724715955555e-05,51.5718879699707,330.84954833984375
-2.4032064516177343e-07,0.0,1.0,-1.0,8.107724715955555e-05,51.5718879699707,330.84954833984375
-1.2544403489300748e-06,0.0,1.0,-1.0,8.107724715955555e-05,51.5718879699707,330.84954833984375
1.1597873594837438e-07,0.0,1.0,-1.0,8.107724715955555e-05,51.5718879699707,330.84954833984375
6.357770132581209e-08,0.0,1.0,-1.0,8.107724715955555e-05,51.5718879699707,330.84954833984375
-2.144826567018754e-06,0.0,1.0,-1.0,8.107724715955555e-05,51.5718879699707,330.84954833984375
4.408291829349764e-07,0.0,1.0,-1.0,8.107724715955555e-05,51.5718879699707,330.84954833984375
-1.3657003137268475e-06,0.0,1.0,-1.0,8.107724715955555e-05,51.5718879699707,330.84954833984375
-4.799042017111788e-07,0.0,1.0,-1.0,8.107724715955555e-05,51.5718879699707,330.84954833984375
7.872665719332872e-07,0.0,1.0,-1.0,8.107724715955555e-05,51.5718879699707,330.84954833984375
4.435875098351971e-07,0.0,1.0,-1.0,8.107724715955555e-05,51.5718879699707,330.84954833984375
1.3146870969649171e-07,0.0,1.0,-1.0,8.107724715955555e-05,51.5718879699707,330.84954833984375
-9.510675909041311e-07,0.0,1.0,-1.0,8.107724715955555e-05,51.5718879699707,330.84954833984375
7.578183272016759e-07,0.0,1.0,-1.0,8.107724715955555e-05,51.5718879699707,330.84954833984375
1.0181796596953063e-06,0.0,1.0,-1.0,8.107724715955555e-05,51.5718879699707,330.84954833984375
-1.1799756975960918e-06,0.0,1.0,-1.0,8.107724715955555e-05,51.5718879699707,330.84954833984375
-4.705082687905815e-07,0.0,1.0,-1.0,8.107724715955555e-05,51.5718879699707,330.84954833984375
3.42434560707261e-08,0.0,1.0,-1.0,8.107724715955555e-05,51.5718879699707,330.84954833984375
-1.332378246843291e-06,0.0,1.0,-1.0,8.107724715955555e-05,51.5718879699707,330.84954833984375
-1.223607313249886e-07,0.0,1.0,-1.0,8.107724715955555e-05,51.5718879699707,330.84954833984375
3.928096248273505e-07,0.0,1.0,-1.0,8.107724715955555e-05,51.5718879699707,330.84954833984375
6.128893659251844e-08,0.0,1.0,-1.0,8.107724715955555e-05,51.5718879699707,330.84954833984375
5.082378606857674e-07,0.0,1.0,-1.0,8.107724715955555e-05,51.5718879699707,330.84954833984375
6.344823191284377e-07,0.0,1.0,-1.0,8.107724715955555e-05,51.5718879699707,330.84954833984375
-4.749679192173062e-06,0.0,1.0,-1.0,8.107724715955555e-05,51.5718879699707,330.84954833984375
1.3370199667406268e-06,0.0,1.0,-1.0,8.107724715955555e-05,51.5718879699707,330.84954833984375
-6.186432415233867e-07,0.0,1.0,-1.0,8.107724715955555e-05,51.5718879699707,330.84954833984375
-3.8380429145945527e-07,0.0,1.0,-1.0,8.107724715955555e-05,51.5718879699707,330.84954833984375
1.1229602847606657e-07,0.0,1.0,-1.0,8.107724715955555e-05,51.5718879699707,330.84954833984375
3.295867827546317e-07,0.0,1.0,-1.0,8.107724715955555e-05,51.5718879699707,330.84954833984375
4.1173089471158164e-07,0.0,1.0,-1.0,8.107724715955555e-05,51.5718879699707,330.84954833984375
-1.3759998296336562e-07,0.0,1.0,-1.0,8.107724715955555e-05,51.5718879699707,330.84954833984375
-2.57923289836981e-07,0.0,1.0,-1.0,8.107724715955555e-05,51.5718879699707,330.84954833984375
1.1714413403751678e-06,0.0,1.0,-1.0,8.107724715955555e-05,51.5718879699707,330.84954833984375
6.687918130410253e-07,0.0,1.0,-1.0,8.107724715955555e-05,51.5718879699707,330.84954833984375
-5.579053095061681e-07,0.0,1.0,-1.0,8.107724715955555e-05,51.5718879699707,330.84954833984375
-1.0269112635796773e-06,0.0,1.0,-1.0,8.107724715955555e-05,51.5718879699707,330.84954833984375
-5.226921757639502e-07,0.0,1.0,-1.0,8.107724715955555e-05,51.5718879699707,330.84954833984375
-1.3851068558778934e-07,0.0,1.0,-1.0,8.107724715955555e-05,51.5718879699707,330.84954833984375
-5.007030381420918e-07,0.0,1.0,-1.0,8.107724715955555e-05,51.5718879699707,330.84954833984375
6.749624503754603e-07,0.0,1.0,-1.0,8.107724715955555e-05,51.5718879699707,330.84954833984375
9.127379030360316e-08,0.0,1.0,-1.0,8.107724715955555e-05,51.5718879699707,330.84954833984375
-9.028922249854077e-07,0.0,1.0,-1.0,8.107724715955555e-05,51.5718879699707,330.84954833984375
6.076883209971129e-07,0.0,1.0,-1.0,8.107724715955555e-05,51.5718879699707,330.84954833984375
9.544261558858125e-08,0.0,1.0,-1.0,8.107724715955555e-05,51.5718879699707,330.84954833984375
4.2975966607627925e-07,0.0,1.0,-1.0,8.107724715955555e-05,51.5718879699707,330.84954833984375
1.5277895215604076e-07,0.0,1.0,-1.0,8.107724715955555e-05,51.5718879699707,330.84954833984375
-5.590546265921148e-07,0.0,1.0,-1.0,8.107724715955555e-05,51.5718879699707,330.84954833984375
7.077733243932016e-07,0.0,1.0,-1.0,8.107724715955555e-05,51.5718879699707,330.84954833984375
-4.90111176532082e-07,0.0,1.0,-1.0,8.107724715955555e-05,51.5718879699707,330.84954833984375
-3.967760164869105e-08,0.0,1.0,-1.0,8.107724715955555e-05,51.5718879699707,330.84954833984375
-8.096670285340224e-07,0.0,1.0,-1.0,8.107724715955555e-05,51.5718879699707,330.84954833984375
1.4620970887335716e-06,0.0,1.0,-1.0,8.107724715955555e-05,51.5718879699707,330.84954833984375
-1.0023877621279098e-06,0.0,1.0,-1.0,8.107724715955555e-05,51.5718879699707,330.84954833984375
7.555179398766043e-11,0.0,1.0,-1.0,8.107724715955555e-05,51.5718879699707,330.84954833984375
4.0654224875424916e-08,0.0,1.0,-1.0,8.107724715955555e-05,51.5718879699707,330.84954833984375
-6.009408934914973e-07,0.0,1.0,-1.0,8.107724715955555e-05,51.5718879699707,330.84954833984375
-1.9589337796332984e-07,0.0,1.0,-1.0,8.107724715955555e-05,51.5718879699707,330.84954833984375
1.1474219263618579e-07,0.0,1.0,-1.0,8.107724715955555e-05,51.5718879699707,330.84954833984375
6.364891191878996e-07,0.0,1.0,-1.0,8.107724715955555e-05,51.5718879699707,330.84954833984375
3.823430176908005e-07,0.0,1.0,-1.0,8.107724715955555e-05,51.5718879699707,330.84954833984375
7.280706313395058e-07,0.0,1.0,-1.0,8.107724715955555e-05,51.5718879699707,330.84954833984375
4.7625809429518995e-07,0.0,1.0,-1.0,8.107724715955555e-05,51.5718879699707,330.84954833984375
1.0204441878158832e-06,0.0,1.0,-1.0,8.107724715955555e-05,51.5718879699707,330.84954833984375
-6.736053137501585e-07,0.0,1.0,-1.0,8.107724715955555e-05,51.5718879699707,330.84954833984375
-7.366841714429029e-07,0.0,1.0,-1.0,8.107724715955555e-05,51.5718879699707,330.84954833984375
-2.3708334140337683e-07,0.0,1.0,-1.0,8.107724715955555e-05,51.5718879699707,330.84954833984375
2.1697042029700242e-07,0.0,1.0,-1.0,8.107724715955555e-05,51.5718879699707,330.84954833984375
2.2122573284377722e-07,0.0,1.0,-1.0,8.107724715955555e-05,51.5718879699707,330.84954833984375
8.688645891652413e-08,0.0,1.0,-1.0,8.107724715955555e-05,51.5718879699707,330.84954833984375
-6.629712174799351e-07,0.0,1.0,-1.0,8.107724715955555e-05,51.5718879699707,330.84954833984375
4.930089971821872e-07,0.0,1.0,-1.0,8.107724715955555e-05,51.5718879699707,330.84954833984375
3.5324354996646434e-08,0.0,1.0,-1.0,8.107724715955555e-05,51.5718879699707,330.84954833984375
4.4626889916798973e-07,0.0,1.0,-1.0,8.107724715955555e-05,51.5718879699707,330.84954833984375
5.633153250528267e-07,0.0,1.0,-1.0,8.107724715955555e-05,51.5718879699707,330.84954833984375
-2.789941788705619e-07,0.0,1.0,-1.0,8.107724715955555e-05,51.5718879699707,330.84954833984375
-8.799693773653416e-07,0.0,1.0,-1.0,8.107724715955555e-05,51.5718879699707,330.84954833984375
2.38146080633328e-09,0.0,1.0,-1.0,8.107724715955555e-05,51.5718879699707,330.84954833984375
-6.460086865445192e-07,0.0,1.0,-1.0,8.107724715955555e-05,51.5718879699707,330.84954833984375
-8.444364425486128e-07,0.0,1.0,-1.0,8.107724715955555e-05,51.5718879699707,330.84954833984375
3.2125447546604846e-07,0.0,1.0,-1.0,8.107724715955555e-05,51.5718879699707,330.84954833984375
5.660600095325208e-07,0.0,1.0,-1.0,8.107724715955555e-05,51.5718879699707,330.84954833984375
-6.176276912128742e-08,0.0,1.0,-1.0,8.107724715955555e-05,51.5718879699707,330.84954833984375
1.0071496490127174e-06,0.0,1.0,-1.0,8.107724715955555e-05,51.5718879699707,330.84954833984375
-5.127348003952648e-07,0.0,1.0,-1.0,8.107724715955555e-05,51.5718879699707,330.84954833984375
-7.856897354940884e-07,0.0,1.0,-1.0,8.107724715955555e-05,51.5718879699707,330.84954833984375
9.713321560411714e-07,0.0,1.0,-1.0,8.107724715955555e-05,51.5718879699707,330.84954833984375
0.0,0.0,1.0,-1.0,8.107724715955555e-05,51.5718879699707,330.84954833984375
3.928907972294837e-07,0.0,1.0,-1.0,8.107724715955555e-05,51.5718879699707,330.84954833984375
7.031819677649764e-07,0.0,1.0,-1.0,8.107724715955555e-05,51.5718879699707,330.84954833984375
1.694999696155719e-07,0.0,1.0,-1.0,8.107724715955555e-05,51.5718879699707,330.84954833984375
1.694999696155719e-07,0.0,1.0,-1.0,8.107724715955555e-05,51.5718879699707,330.84954833984375
6.573406494680967e-07,0.0,1.0,-1.0,8.107724715955555e-05,51.5718879699707,330.84954833984375
-7.309738236926933e-08,0.0,1.0,-1.0,8.107724715955555e-05,51.5718879699707,330.84954833984375
1.7158033926989447e-07,0.0,1.0,-1.0,8.107724715955555e-05,51.5718879699707,330.84954833984375
0.0,0.0,1.0,-1.0,8.107724715955555e-05,51.5718879699707,330.84954833984375
-8.727737395020085e-07,0.0,1.0,-1.0,8.107724715955555e-05,51.5718879699707,330.84954833984375
1.52363938354938e-07,0.0,1.0,-1.0,8.107724715955555e-05,51.5718879699707,330.84954833984375
2.0464679550968867e-07,0.0,1.0,-1.0,8.107724715955555e-05,51.5718879699707,330.84954833984375
-1.840427756860663e-07,0.0,1.0,-1.0,8.107724715955555e-05,51.5718879699707,330.84954833984375
5.7357262051027647e-08,0.0,1.0,-1.0,8.107724715955555e-05,51.5718879699707,330.84954833984375
5.64499885058467e-07,0.0,1.0,-1.0,8.107724715955555e-05,51.5718879699707,330.84954833984375
-4.665579638185591e-07,0.0,1.0,-1.0,8.107724715955555e-05,51.5718879699707,330.84954833984375
-2.250295949579595e-08,0.0,1.0,-1.0,8.107724715955555e-05,51.5718879699707,330.84954833984375
-1.4299052963906433e-06,0.0,1.0,-1.0,8.107724715955555e-05,51.5718879699707,330.84954833984375
-1.4821091554040322e-07,0.0,1.0,-1.0,8.107724715955555e-05,51.5718879699707,330.84954833984375
5.737111905546044e-07,0.0,1.0,-1.0,8.107724715955555e-05,51.5718879699707,330.84954833984375
-8.059404876803455e-07,0.0,1.0,-1.0,8.107724715955555e-05,51.5718879699707,330.84954833984375
-5.618506975224591e-07,0.0,1.0,-1.0,8.107724715955555e-05,51.5718879699707,330.84954833984375
4.7149490001174854e-07,0.0,1.0,-1.0,8.107724715955555e-05,51.5718879699707,330.84954833984375
-1.0427505685584038e-06,0.0,1.0,-1.0,8.107724715955555e-05,51.5718879699707,330.84954833984375
3.0975181175563193e-07,0.0,1.0,-1.0,8.107724715955555e-05,51.5718879699707,330.84954833984375
3.875871641412232e-07,0.0235294122248888,0.0078431377187371,0.0,8.107724715955555e-05,51.5718879699707,330.84954833984375
1.0819466069733608e-06,0.0235294122248888,0.0156862754374742,0.0,8.107724715955555e-05,51.5718879699707,330.84954833984375
0.038859669119119644,0.0235294122248888,0.0823529437184333,0.0,0.00015208440891001374,51.572998046875,330.84954833984375
0.058031871914863586,0.0235294122248888,0.1882352977991104,0.0,0.00042209637467749417,51.57639694213867,330.84954833984375
0.05980690196156502,0.0235294122248888,0.4039215743541717,0.0,0.000553019461221993,51.57865905761719,330.84954833984375
0.04438989982008934,0.0235294122248888,0.4392156898975372,0.0,0.000553019461221993,51.579803466796875,330.84954833984375
0.32099759578704834,0.0235294122248888,0.5411764979362488,0.0,-0.010681151412427425,51.59286117553711,330.84967041015625
0.3773362934589386,0.0235294122248888,0.6784313917160034,0.0,-0.016387945041060448,51.602054595947266,330.8497619628906
0.6894153356552124,0.0235294122248888,0.6901960968971252,0.0,-0.00918578915297985,51.641014099121094,330.84967041015625
0.8354167938232422,0.0235294122248888,0.7019608020782471,0.0,-0.0084228515625,51.67473602294922,330.84967041015625
1.1941570043563843,0.0235294122248888,0.7137255072593689,0.0,-0.0079345703125,51.74655532836914,330.84967041015625
1.3671668767929077,0.0235294122248888,0.7176470756530762,0.0,-0.004150390625,51.810081481933594,330.8496398925781
1.5099170207977295,0.0235294122248888,0.7176470756530762,0.0,-0.0026245112530887127,51.84302520751953,330.849609375
1.8528274297714233,0.0235294122248888,0.729411780834198,0.0,0.004685492254793644,51.96636199951172,330.8495178222656
2.049697160720825,0.0235294122248888,0.7372549176216125,0.0,0.010038960725069046,52.05659484863281,330.849609375
2.2448737621307373,0.0235294122248888,0.7411764860153198,0.0,0.01584528014063835,52.15843963623047,330.8497619628906
2.4354517459869385,0.0235294122248888,0.7490196228027344,0.0,0.02185159921646118,52.26805114746094,330.8499450683594
2.7148361206054688,0.0235294122248888,0.7529411911964417,0.0,0.03139001876115799,52.4445686340332,330.8501892089844
2.9016060829162598,0.0235294122248888,0.7568627595901489,0.0,0.03826267272233963,52.573020935058594,330.850341796875
3.181011915206909,0.0235294122248888,0.7568627595901489,0.0,0.049303144216537476,52.78129196166992,330.8505859375
3.3671875,0.0235294122248888,0.7607843279838562,0.0,0.05717824026942253,52.931121826171875,330.8507385253906
3.4557459354400635,0.0235294122248888,0.7607843279838562,0.0,0.06106555461883545,53.00545883178711,330.8507995605469
3.6557884216308594,0.0235294122248888,0.7647058963775635,0.0,0.07018601894378662,53.18068313598633,330.85113525390625
3.8384108543395996,0.0235294122248888,0.7764706015586853,0.0,0.07890453189611435,53.34918975830078,330.8514709472656
4.128664016723633,0.0235294122248888,0.772549033164978,0.0,0.09347604215145111,53.63242721557617,330.8520202636719
4.225099563598633,0.0235294122248888,0.7686274647712708,0.0,0.09852824360132217,53.73102951049805,330.85223388671875
4.413938522338867,0.0235294122248888,0.7607843279838562,0.0,0.10878339409828186,53.93193817138672,330.8526611328125
4.69351053237915,0.0235294122248888,0.7490196228027344,0.0,0.12491149455308914,54.25041198730469,330.85345458984375
4.783121109008789,0.0235294122248888,0.7411764860153198,0.0,0.13032987713813782,54.35819625854492,330.8537902832031
5.060885906219482,0.0235294122248888,0.7411764860153198,0.0,0.14789001643657684,54.71035385131836,330.85467529296875
5.237338542938232,0.0235294122248888,0.7411764860153198,0.0,0.15959995985031128,54.947532653808594,330.85540771484375
5.409107208251953,0.0235294122248888,0.7490196228027344,0.0,0.17139263451099396,55.187957763671875,330.8562316894531
5.670965194702148,0.0235294122248888,0.7607843279838562,0.0,0.18998844921588898,55.56945037841797,330.8575744628906
5.759998798370361,0.0235294122248888,0.7450980544090271,0.0,0.19641275703907013,55.702152252197266,330.85809326171875
6.040652275085449,0.0235294122248888,0.6980392336845398,0.0,0.21750903129577637,56.1375732421875,330.8597106933594
6.292993545532227,0.0235294122248888,0.6431372761726379,0.0,0.23814968764781952,56.5689582824707,330.86163330078125
6.37054967880249,0.0235294122248888,0.6078431606292725,0.0,0.24510076642036438,56.7135009765625,330.86224365234375
6.517240524291992,0.0235294122248888,0.5764706134796143,0.0,0.2587573230266571,57.00503921508789,330.8636169433594
6.73086404800415,0.0235294122248888,0.5372549295425415,0.0,0.28068822622299194,57.48276138305664,330.8659973144531
6.864598274230957,0.0235294122248888,0.4745098054409027,0.0,0.2959619462490082,57.82270431518555,330.8677978515625
6.9755988121032715,0.0235294122248888,0.3960784375667572,0.0,0.310027539730072,58.14146041870117,330.8695983886719
7.074665069580078,0.0235294122248888,0.3098039329051971,0.0,0.3248389661312103,58.4860725402832,330.87158203125
7.1479949951171875,0.0235294122248888,0.2588235437870025,0.0,0.338641494512558,58.816986083984375,330.87371826171875
7.227980613708496,0.0235294122248888,0.2313725501298904,0.0,0.3587237000465393,59.31864929199219,330.8769836425781
7.248775959014893,0.0235294122248888,0.2235294133424759,0.0,0.3651263117790222,59.48429489135742,330.87811279296875
7.28532600402832,0.0235294122248888,0.2078431397676468,0.0,0.37788647413253784,59.81999969482422,330.8803405761719
7.33118200302124,0.0235294122248888,0.1882352977991104,0.0,0.3971809148788452,60.3415412902832,330.8840026855469
7.354998588562012,0.0235294122248888,0.1764705926179886,0.0,0.40882545709609985,60.663230895996094,330.886474609375
7.3771233558654785,-0.0235294122248888,0.1764705926179886,0.0,0.41965624690055847,61.016204833984375,330.8891296386719
7.386744499206543,-0.0235294122248888,0.1764705926179886,0.0,0.4219055771827698,61.18901062011719,330.8903503417969
7.413150787353516,-0.0235294122248888,0.1764705926179886,0.0,0.42018139362335205,61.69869613647461,330.89385986328125
7.430018901824951,-0.0235294122248888,0.1725490242242813,0.0,0.41466817259788513,62.03912353515625,330.8961181640625
7.446803569793701,-0.0235294122248888,0.1843137294054031,0.0,0.40689489245414734,62.39189910888672,330.8984375
7.462710380554199,-0.0235294122248888,0.2156862765550613,0.0,0.3985001742839813,62.72047805786133,330.9005432128906
7.517463207244873,-0.0235294122248888,0.3764705955982208,0.0,0.37954849004745483,63.39558792114258,330.90472412109375
7.540444374084473,-0.0235294122248888,0.4313725531101227,0.0,0.37494194507598877,63.55622482299805,330.90570068359375
7.642391204833984,-0.0235294122248888,0.4627451002597809,0.0,0.360180526971817,64.08035278320312,330.9087829589844
7.728492259979248,-0.0235294122248888,0.4666666686534881,0.0,0.35025981068611145,64.4454345703125,330.910888671875
7.770071029663086,-0.0235294122248888,0.4705882370471954,0.0,0.34577301144599915,64.61407470703125,330.9118347167969
7.904857158660889,-0.0235294122248888,0.4823529422283172,0.0,0.33187082409858704,65.14861297607422,330.9146728515625
8.049991607666016,-0.0235294122248888,0.4980392158031463,0.0,0.31760403513908386,65.71194458007812,330.91748046875
8.148506164550781,-0.0235294122248888,0.4901960790157318,0.0,0.30823197960853577,66.08853149414062,330.91937255859375
8.198022842407227,-0.0235294122248888,0.4862745106220245,0.0,0.3035161793231964,66.27955627441406,330.92022705078125
8.341825485229492,-0.0235294122248888,0.4862745106220245,0.0,0.2896181344985962,66.84613800048828,330.92291259765625
8.436423301696777,-0.0235294122248888,0.47843137383461,0.0,0.28030750155448914,67.2273941040039,330.9245300292969
8.531804084777832,-0.0235294122248888,0.4745098054409027,0.0,0.2707488238811493,67.6194839477539,330.9261779785156
8.671575546264648,-0.0235294122248888,0.4705882370471954,0.0,0.25623011589050293,68.21475219726562,330.9285583496094
8.764644622802734,-0.0235294122248888,0.4666666686534881,0.0,0.24619652330875397,68.62504577636719,330.9301452636719
8.852652549743652,-0.0235294122248888,0.4666666686534881,0.0,0.23644374310970306,69.02278900146484,330.9316711425781
8.895315170288086,-0.0235294122248888,0.4666666686534881,0.0,0.23163355886936188,69.21858215332031,330.9323425292969
9.031211853027344,-0.0235294122248888,0.4666666686534881,0.0,0.215998113155365,69.85350036621094,330.93450927734375
9.11627197265625,0.0235294122248888,0.4666666686534881,0.0,0.20740701258182526,70.25891876220703,330.9357604980469
9.201560020446777,0.0235294122248888,0.4470588266849518,0.0,0.2060418277978897,70.67127990722656,330.9372863769531
9.285223007202148,0.0235294122248888,0.4039215743541717,0.0,0.2103670984506607,71.08795928955078,330.93902587890625
9.397485733032227,0.0235294122248888,0.3411764800548553,0.0,0.22351323068141937,71.71324920654297,330.9416198730469
9.492841720581055,0.0235294122248888,0.337254911661148,0.0,0.24188876152038574,72.36035919189453,330.9444885253906
9.492841720581055,0.0235294122248888,0.3254902064800262,0.0,0.24188876152038574,72.36035919189453,330.9444885253906
9.576459884643555,0.0235294122248888,0.2980392277240753,0.0,0.2634381949901581,73.02886199951172,330.9476623535156
9.620224952697754,0.0235294122248888,0.2980392277240753,0.0,0.2771463692188263,73.43385314941406,330.9496765136719
9.685216903686523,0.0235294122248888,0.3215686380863189,0.0,0.3001681864261627,74.09857177734375,330.95318603515625
9.72902774810791,0.0235294122248888,0.3686274588108063,0.0,0.315676212310791,74.54022979736328,330.95574951171875
9.778977394104004,0.0235294122248888,0.407843142747879,0.0,0.33184006810188293,74.99632263183594,330.9584045410156
9.832416534423828,0.0235294122248888,0.4274509847164154,0.0,0.34735342860221863,75.4296875,330.96099853515625
9.896024703979492,0.0235294122248888,0.4549019634723663,0.0,0.36406585574150085,75.89122772216797,330.9640197753906
9.997103691101074,0.0235294122248888,0.4666666686534881,0.0,0.38818228244781494,76.5473403930664,330.9684753417969
10.069530487060547,0.0235294122248888,0.4745098054409027,0.0,0.40445753931999207,76.98387145996094,330.9714660644531
10.229607582092285,0.0235294122248888,0.4901960790157318,0.0,0.4392734169960022,77.9039306640625,330.978271484375
10.229607582092285,0.0235294122248888,0.4901960790157318,0.0,0.4392734169960022,77.9039306640625,330.978271484375
10.353082656860352,0.0235294122248888,0.4941176474094391,0.0,0.46563759446144104,78.59141540527344,330.98370361328125
10.436025619506836,0.0235294122248888,0.4941176474094391,0.0,0.4832840859889984,79.04829406738281,330.98748779296875
10.559843063354492,0.0235294122248888,0.4980392158031463,0.0,0.5097962021827698,79.73123931884766,330.9934387207031
10.647749900817871,0.0235294122248888,0.501960813999176,0.0,0.5287654399871826,80.21810150146484,330.997802734375
10.733572959899902,0.0235294122248888,0.501960813999176,0.0,0.5474480390548706,80.69669342041016,331.0022888183594
10.77406120300293,0.0235294122248888,0.5058823823928833,0.0,0.5563032627105713,80.9233169555664,331.00439453125
10.896751403808594,0.0235294122248888,0.5058823823928833,0.0,0.5833033323287964,81.61366271972656,331.01129150390625
11.028451919555664,0.0235294122248888,0.501960813999176,0.0,0.6125797033309937,82.36153411865234,331.01898193359375
11.114564895629883,0.0235294122248888,0.4980392158031463,0.0,0.6320492625236511,82.8588638305664,331.02435302734375
11.20178508758545,-0.0235294122248888,0.4901960790157318,0.0,0.6520931720733643,83.3711929321289,331.0301208496094
11.32944107055664,-0.0235294122248888,0.4901960790157318,0.0,0.6710209250450134,84.1407470703125,331.03857421875
11.453411102294922,-0.0235294122248888,0.4901960790157318,0.0,0.6756964921951294,84.90968322753906,331.04693603515625
11.491121292114258,-0.0705882385373115,0.4901960790157318,0.0,0.6752060055732727,85.1471939086914,331.049560546875
11.530988693237305,-0.0705882385373115,0.4901960790157318,0.0,0.6723761558532715,85.400146484375,331.05224609375
11.693174362182617,-0.0705882385373115,0.4862745106220245,0.0,0.6358858346939087,86.44818115234375,331.0628356933594
11.770303726196289,-0.0705882385373115,0.4823529422283172,0.0,0.6081846952438354,86.95825958251953,331.0675964355469
11.84865951538086,-0.0705882385373115,0.4823529422283172,0.0,0.5751619935035706,87.48451232910156,331.0724182128906
11.963428497314453,-0.0705882385373115,0.4823529422283172,0.0,0.5199615359306335,88.27078247070312,331.0790100097656
11.963428497314453,-0.0705882385373115,0.4823529422283172,0.0,0.5199615359306335,88.27078247070312,331.0790100097656
12.079581260681152,-0.0705882385373115,0.4823529422283172,0.0,0.458048939704895,89.08271026611328,331.0852355957031
12.153276443481445,-0.0705882385373115,0.4823529422283172,0.0,0.4164379835128784,89.6056137084961,331.08880615234375
12.270248413085938,-0.0705882385373115,0.4823529422283172,0.0,0.3475411534309387,90.44744110107422,331.0939025878906
12.384364128112793,-0.0705882385373115,0.47843137383461,0.0,0.2776736319065094,91.28240203857422,331.0980529785156
12.456613540649414,-0.0705882385373115,0.4745098054409027,0.0,0.23220139741897583,91.81948852539062,331.1002197265625
12.527549743652344,-0.0705882385373115,0.4745098054409027,0.0,0.18643654882907867,92.3565673828125,331.10205078125
12.560931205749512,-0.0705882385373115,0.4745098054409027,0.0,0.16455969214439392,92.61235809326172,331.1027526855469
12.669008255004883,-0.0235294122248888,0.4745098054409027,0.0,0.09381717443466187,93.45195770263672,331.1044921875
12.777754783630371,-0.0235294122248888,0.47843137383461,0.0,0.03586890175938606,94.3114013671875,331.10577392578125
12.84554672241211,-0.0235294122248888,0.4745098054409027,0.0,0.00616094097495079,94.85222625732422,331.1062927246094
12.91484260559082,0.0235294122248888,0.4705882370471954,0.0,-0.02059936337172985,95.4114990234375,331.10650634765625
13.019128799438477,0.0235294122248888,0.4666666686534881,0.0,-0.0454711951315403,96.26887512207031,331.1067810058594
13.086945533752441,0.0235294122248888,0.4666666686534881,0.0,-0.0510864220559597,96.83915710449219,331.1068420410156
13.1886568069458,0.0235294122248888,0.4666666686534881,0.0,-0.048095703125,97.71109008789062,331.1067810058594
13.22093391418457,0.0235294122248888,0.4666666686534881,0.0,-0.0449218712747097,97.99146270751953,331.1067810058594
13.323524475097656,0.0235294122248888,0.4666666686534881,0.0,-0.0293273963034153,98.89302825927734,331.10675048828125
13.391168594360352,0.0235294122248888,0.4666666686534881,0.0,-0.01547241024672985,99.49563598632812,331.10687255859375
13.423348426818848,0.0235294122248888,0.4666666686534881,0.0,-0.00811767578125,99.78453063964844,331.1069030761719
13.522012710571289,0.0235294122248888,0.4666666686534881,0.0,0.016974564641714096,100.67888641357422,331.107177734375
13.621602058410645,0.0235294122248888,0.4627451002597809,0.0,0.0452604815363884,101.59463500976562,331.1076965332031
13.68404483795166,0.0235294122248888,0.4666666686534881,0.0,0.06417297571897507,102.17652893066406,331.1081848144531
13.748499870300293,0.0235294122248888,0.4627451002597809,0.0,0.08443214744329453,102.78255462646484,331.1088562011719
13.813871383666992,-0.0235294122248888,0.4235294163227081,0.0,0.10569095611572266,103.405029296875,331.1097106933594
13.874241828918457,-0.0235294122248888,0.3529411852359772,0.0,0.13150720298290253,104.29947662353516,331.1112060546875
13.953498840332031,-0.0235294122248888,0.2862745225429535,0.0,0.1405060887336731,104.920654296875,331.1121826171875
14.009955406188965,-0.0235294122248888,0.2627451121807098,0.0,0.14357252418994904,105.85102081298828,331.1135559082031
14.035440444946289,-0.0235294122248888,0.2627451121807098,0.0,0.1379629224538803,106.73458862304688,331.1150207519531
14.055984497070312,-0.0235294122248888,0.2588235437870025,0.0,0.13437120616436005,107.05353546142578,331.1155090332031
14.072693824768066,-0.0235294122248888,0.239215686917305,0.0,0.1255244016647339,107.67362976074219,331.1165466308594
14.090714454650879,-0.0235294122248888,0.2352941185235977,0.0,0.1081635132431984,108.62393951416016,331.1180725097656
14.09465503692627,-0.0235294122248888,0.2313725501298904,0.0,0.1022619977593422,108.90856170654297,331.1184997558594
14.108537673950195,-0.0235294122248888,0.2274509817361831,0.0,0.06713248789310455,110.41472625732422,331.12030029296875
14.110161781311035,-0.0235294122248888,0.2274509817361831,0.0,0.059953950345516205,110.69877624511719,331.12060546875
14.113035202026367,-0.0235294122248888,0.2274509817361831,0.0,0.04392930492758751,111.31513214111328,331.1211242675781
14.116272926330566,-0.0235294122248888,0.2274509817361831,0.0,0.0187302827835083,112.24933624267578,331.1215515136719
14.116272926330566,-0.0235294122248888,0.2274509817361831,0.0,0.0187302827835083,112.24933624267578,331.1215515136719
14.119462966918945,-0.0235294122248888,0.2274509817361831,0.0,-0.01593017764389515,113.49061584472656,331.1216735839844
14.120772361755371,-0.0235294122248888,0.2274509817361831,0.0,-0.0328979529440403,114.08729553222656,331.1214294433594
14.1220064163208,-0.0235294122248888,0.2274509817361831,0.0,-0.050292957574129105,114.69268035888672,331.12103271484375
14.124350547790527,-0.0235294122248888,0.2274509817361831,0.0,-0.08578488230705261,115.91584014892578,331.1197204589844
14.125447273254395,-0.0235294122248888,0.2274509817361831,0.0,-0.10314939171075821,116.5112075805664,331.1187744140625
14.125961303710938,-0.0235294122248888,0.2274509817361831,0.0,-0.11148069053888321,116.79559326171875,331.1182861328125
14.127402305603027,-0.0235294122248888,0.2235294133424759,0.0,-0.1376342624425888,117.68685913085938,331.1164245605469
14.128219604492188,-0.0235294122248888,0.2274509817361831,0.0,-0.1629638820886612,118.54652404785156,331.1144104003906
14.129077911376953,-0.0235294122248888,0.2274509817361831,0.0,-0.19015498459339142,119.46761322021484,331.1116638183594
14.129419326782227,-0.0235294122248888,0.2313725501298904,0.0,-0.1983947455883026,119.74708557128906,331.11077880859375
14.13105583190918,-0.0235294122248888,0.2313725501298904,0.0,-0.22531121969223022,120.65731048583984,331.1075744628906
14.132523536682129,-0.0235294122248888,0.2313725501298904,0.0,-0.24291987717151642,121.252685546875,331.1052551269531
14.134217262268066,-0.0235294122248888,0.2313725501298904,0.0,-0.2610167860984802,121.86481475830078,331.1026916503906
14.13595962524414,-0.0235294122248888,0.2313725501298904,0.0,-0.27838134765625,122.45207977294922,331.1000671386719
14.138750076293945,-0.0235294122248888,0.2313725501298904,0.0,-0.305023193359375,123.35307312011719,331.0956115722656
14.140647888183594,-0.0235294122248888,0.2313725501298904,0.0,-0.32269287109375,123.95148468017578,331.0924987792969
14.142602920532227,-0.0235294122248888,0.2313725501298904,0.0,-0.3406981825828552,124.55999755859375,331.0890808105469
14.145610809326172,-0.0235294122248888,0.2313725501298904,0.0,-0.36816397309303284,125.48944091796875,331.08349609375
14.146547317504883,-0.0235294122248888,0.2313725501298904,0.0,-0.3767394423484802,125.77920532226562,331.08172607421875
14.150583267211914,-0.0235294122248888,0.2313725501298904,0.0,-0.413604736328125,127.02706909179688,331.07342529296875
14.153546333312988,-0.0235294122248888,0.2313725501298904,0.0,-0.4408263862133026,127.9487533569336,331.06683349609375
14.15444564819336,-0.0235294122248888,0.2313725501298904,0.0,-0.45840445160865784,128.54299926757812,331.062255859375
14.157339096069336,-0.0235294122248888,0.2352941185235977,0.0,-0.47592148184776306,129.1364288330078,331.05755615234375
14.160305976867676,-0.0235294122248888,0.2352941185235977,0.0,-0.5008239150047302,129.9794158935547,331.050537109375
14.161404609680176,-0.0235294122248888,0.2352941185235977,0.0,-0.5090636610984802,130.2578125,331.0481262207031
14.165319442749023,-0.0235294122248888,0.2352941185235977,0.0,-0.5363768339157104,131.18374633789062,331.039794921875
14.168102264404297,-0.0235294122248888,0.2352941185235977,0.0,-0.5548704862594604,131.81033325195312,331.033935546875
14.172150611877441,-0.0235294122248888,0.2352941185235977,0.0,-0.5811461806297302,132.70123291015625,331.0252990722656
14.175026893615723,-0.0235294122248888,0.2352941185235977,0.0,-0.5996092557907104,133.32728576660156,331.0190124511719
14.177774429321289,-0.0235294122248888,0.2352941185235977,0.0,-0.6171875,133.9230194091797,331.01287841796875
14.180562973022461,-0.0235294122248888,0.2352941185235977,0.0,-0.6349791884422302,134.5266876220703,331.00640869140625
14.184770584106445,-0.0235294122248888,0.2352941185235977,0.0,-0.6618956923484802,135.43946838378906,330.99627685546875
14.188897132873535,-0.0235294122248888,0.2352941185235977,0.0,-0.6883237361907959,136.3362274169922,330.98590087890625
14.191612243652344,-0.0235294122248888,0.2352941185235977,0.0,-0.7058106064796448,136.9298095703125,330.97882080078125
14.194324493408203,-0.0235294122248888,0.2352941185235977,0.0,-0.7233275771141052,137.52357482910156,330.9714660644531
14.197159767150879,-0.0235294122248888,0.2352941185235977,0.0,-0.7416685819625854,138.14646911621094,330.963623046875
14.201184272766113,-0.0235294122248888,0.2352941185235977,0.0,-0.7679137587547302,139.0372314453125,330.9520568847656
14.202503204345703,-0.0235294122248888,0.2352941185235977,0.0,-0.77655029296875,139.32945251464844,330.94818115234375
14.208063125610352,-0.0235294122248888,0.2352941185235977,0.0,-0.8130797147750854,140.5697479248047,330.93121337890625
14.209404945373535,-0.0235294122248888,0.2352941185235977,0.0,-0.8219603300094604,140.87069702148438,330.9269714355469
14.21351432800293,-0.0235294122248888,0.2352941185235977,0.0,-0.8492430448532104,141.79725646972656,330.91363525390625
14.21475887298584,-0.0235294122248888,0.2352941185235977,0.0,-0.8575439453125,142.07931518554688,330.90948486328125
14.218826293945312,-0.0235294122248888,0.2352941185235977,0.0,-0.8847655653953552,143.00244140625,330.8957214355469
14.222702980041504,-0.0235294122248888,0.2352941185235977,0.0,-0.9108580946922302,143.888427734375,330.8820495605469
14.226531028747559,-0.0235294122248888,0.2352941185235977,0.0,-0.9368284940719604,144.7701416015625,330.8680114746094
14.227922439575195,-0.0235294122248888,0.2352941185235977,0.0,-0.9463194608688354,145.09190368652344,330.86279296875
14.230547904968262,-0.0235294122248888,0.2352941185235977,0.0,-0.9642636179924011,145.70103454589844,330.8528137207031
14.234328269958496,-0.0235294122248888,0.2352941185235977,0.0,-0.990203857421875,146.5816192626953,330.837890625
14.236910820007324,-0.0235294122248888,0.2352941185235977,0.0,-1.00811767578125,147.1894073486328,330.8274230957031
14.23946475982666,-0.0235294122248888,0.2352941185235977,0.0,-1.025879144668579,147.79246520996094,330.8168029785156
14.242072105407715,-0.0235294122248888,0.2352941185235977,0.0,-1.053985357284546,148.7460479736328,330.7996826171875
14.247298240661621,-0.0235294122248888,0.2352941185235977,0.0,-1.080841064453125,149.65740966796875,330.78289794921875
14.248514175415039,-0.0235294122248888,0.2352941185235977,0.0,-1.089385986328125,149.9482879638672,330.7774658203125
14.252448081970215,-0.0235294122248888,0.2352941185235977,0.0,-1.1172484159469604,150.8937225341797,330.7594909667969
14.254928588867188,-0.0235294122248888,0.2352941185235977,0.0,-1.13494873046875,151.49398803710938,330.7478332519531
14.257387161254883,-0.0235294122248888,0.2352941185235977,0.0,-1.15252685546875,152.0911102294922,330.7359619140625
14.261065483093262,-0.0235294122248888,0.2352941185235977,0.0,-1.1790159940719604,152.99000549316406,330.71783447265625
14.264718055725098,-0.0235294122248888,0.2352941185235977,0.0,-1.2054136991500854,153.8861083984375,330.6993713378906
14.26724910736084,-0.0235294122248888,0.2352941185235977,0.0,-1.22381591796875,154.5109100341797,330.68621826171875
14.269769668579102,-0.0235294122248888,0.2352941185235977,0.0,-1.242218017578125,155.1359100341797,330.6728515625
14.273468971252441,-0.0235294122248888,0.2352941185235977,0.0,-1.2694091796875,156.05909729003906,330.65283203125
14.275935173034668,0.0235294122248888,0.2352941185235977,0.0,-1.2876585721969604,156.677978515625,330.6391296386719
14.279396057128906,0.0235294122248888,0.2431372553110122,0.0,-1.3086546659469604,157.5538787841797,330.61956787109375
14.28205680847168,0.0235294122248888,0.2431372553110122,0.0,-1.3147581815719604,158.15574645996094,330.6062316894531
14.287314414978027,0.0235294122248888,0.2431372553110122,0.0,-1.3140257596969604,159.1010284423828,330.58526611328125
14.289061546325684,0.0235294122248888,0.2431372553110122,0.0,-1.311859130859375,159.3868408203125,330.5788879394531
14.29487133026123,0.0235294122248888,0.2431372553110122,0.0,-1.300506591796875,160.28936767578125,330.5588684082031
14.298942565917969,0.0235294122248888,0.2431372553110122,0.0,-1.289794921875,160.89944458007812,330.5453796386719
14.305255889892578,0.0235294122248888,0.2431372553110122,0.0,-1.2700806856155396,161.82704162597656,330.5250244140625
14.31143856048584,0.0235294122248888,0.2431372553110122,0.0,-1.2481080293655396,162.7278594970703,330.5054626464844
14.313380241394043,0.0235294122248888,0.2431372553110122,0.0,-1.2407532930374146,163.010498046875,330.4993591308594
14.31969928741455,0.0235294122248888,0.2431372553110122,0.0,-1.2158812284469604,163.92916870117188,330.4797058105469
14.321639060974121,0.0235294122248888,0.2431372553110122,0.0,-1.1988219022750854,164.53280639648438,330.46697998046875
14.33000373840332,0.0235294122248888,0.2431372553110122,0.0,-1.172637939453125,165.43453979492188,330.4482727050781
14.334092140197754,0.0235294122248888,0.2431372553110122,0.0,-1.15478515625,166.03561401367188,330.43597412109375
14.337984085083008,0.0235294122248888,0.2431372553110122,0.0,-1.137542724609375,166.61007690429688,330.42437744140625
14.344095230102539,0.0235294122248888,0.2431372553110122,0.0,-1.1100159883499146,167.5163116455078,330.4064636230469
14.348098754882812,0.0235294122248888,0.2431372553110122,0.0,-1.091766357421875,168.1124725341797,330.3948669433594
14.354443550109863,0.0235294122248888,0.2431372553110122,0.0,-1.062469482421875,169.06292724609375,330.376708984375
14.356351852416992,0.0235294122248888,0.2431372553110122,0.0,-1.0536192655563354,169.34982299804688,330.3713684082031
14.362500190734863,0.0235294122248888,0.2431372553110122,0.0,-1.024810791015625,170.2784881591797,330.354248046875
14.364465713500977,0.0235294122248888,0.2431372553110122,0.0,-1.0155333280563354,170.57662963867188,330.3489074707031
14.370338439941406,0.0235294122248888,0.239215686917305,0.0,-0.9875487089157104,171.47567749023438,330.3329162597656
14.37570571899414,0.0235294122248888,0.2352941185235977,0.0,-0.9593199491500854,172.38082885742188,330.31732177734375
14.380223274230957,0.0235294122248888,0.2352941185235977,0.0,-0.9314268827438354,173.27545166015625,330.3023376464844
14.381684303283691,0.0235294122248888,0.2352941185235977,0.0,-0.9210204482078552,173.6085968017578,330.29681396484375
14.384024620056152,0.0235294122248888,0.2352941185235977,0.0,-0.9030759334564209,174.18386840820312,330.2875671386719
14.38748550415039,0.0235294122248888,0.2235294133424759,0.0,-0.8735960125923157,175.12855529785156,330.2726135253906
14.389507293701172,0.0705882385373115,0.211764708161354,0.0,-0.846038818359375,176.01315307617188,330.2590637207031
14.389534950256348,0.0705882385373115,0.211764708161354,0.0,-0.8358763456344604,176.33941650390625,330.2541809082031
14.386567115783691,0.0705882385373115,0.2078431397676468,0.0,-0.78369140625,177.51708984375,330.2375183105469
14.385059356689453,0.0705882385373115,0.2078431397676468,0.0,-0.7658079862594604,177.8331756591797,330.2333068847656
14.379866600036621,0.0705882385373115,0.2039215713739395,0.0,-0.7093810439109802,178.7165985107422,330.22216796875
14.375487327575684,0.0705882385373115,0.2039215713739395,0.0,-0.6665648221969604,179.3204803466797,330.21502685546875
14.368162155151367,0.0705882385373115,0.2039215713739395,0.0,-0.598602294921875,180.21395874023438,330.2052307128906
14.359977722167969,0.0705882385373115,0.2039215713739395,0.0,-0.52386474609375,181.14093017578125,330.196044921875
14.354775428771973,0.0705882385373115,0.2039215713739395,0.0,-0.47613534331321716,181.7128143310547,330.19091796875
14.349265098571777,0.0705882385373115,0.2039215713739395,0.0,-0.425323486328125,182.31100463867188,330.18603515625
14.340731620788574,0.0705882385373115,0.2039215713739395,0.0,-0.3458252251148224,183.2299041748047,330.179443359375
14.33251667022705,0.0705882385373115,0.2039215713739395,0.0,-0.2682799994945526,184.11187744140625,330.17425537109375
14.327071189880371,0.0705882385373115,0.2039215713739395,0.0,-0.2164916843175888,184.696044921875,330.17144775390625
14.321466445922852,0.0705882385373115,0.2039215713739395,0.0,-0.1627807468175888,185.29823303222656,330.16900634765625
14.312837600708008,0.0705882385373115,0.2039215713739395,0.0,-0.0794067233800888,186.22825622558594,330.1664733886719
14.307281494140625,0.0705882385373115,0.2039215713739395,0.0,-0.02532958984375,186.829345703125,330.1654968261719
14.301908493041992,0.0705882385373115,0.2039215713739395,0.0,0.027315236628055573,187.4129180908203,330.16510009765625
14.29638385772705,0.0705882385373115,0.211764708161354,0.0,0.08203218132257462,188.01841735839844,330.1652526855469
14.289098739624023,0.0705882385373115,0.2156862765550613,0.0,0.16257737576961517,188.90814208984375,330.16650390625
14.28341007232666,0.0235294122248888,0.2156862765550613,0.0,0.24250148236751556,189.8039093017578,330.1689758300781
14.280244827270508,0.0235294122248888,0.2156862765550613,0.0,0.28762027621269226,190.38841247558594,330.1710510253906
14.276045799255371,0.0235294122248888,0.2156862765550613,0.0,0.34387803077697754,191.24717712402344,330.1746826171875
14.271998405456543,0.0235294122248888,0.2156862765550613,0.0,0.3933679461479187,192.14456176757812,330.1792907714844
14.270792007446289,0.0235294122248888,0.2156862765550613,0.0,0.40714454650878906,192.42140197753906,330.1809387207031
14.268229484558105,0.0235294122248888,0.2156862765550613,0.0,0.43514350056648254,193.02044677734375,330.18463134765625
14.264549255371094,0.0235294122248888,0.2156862765550613,0.0,0.4726293087005615,193.8999786376953,330.19073486328125
14.262051582336426,0.0235294122248888,0.2156862765550613,0.0,0.4965316653251648,194.5058135986328,330.1953430175781
14.258477210998535,0.0235294122248888,0.2196078449487686,0.0,0.5294108986854553,195.38958740234375,330.20257568359375
14.25545597076416,0.0235294122248888,0.2196078449487686,0.0,0.5604793429374695,196.27151489257812,330.2103576660156
14.254598617553711,0.0235294122248888,0.2196078449487686,0.0,0.5700941681861877,196.55233764648438,330.2130126953125
14.252298355102539,0.0235294122248888,0.2196078449487686,0.0,0.5974958539009094,197.36888122558594,330.22088623046875
14.250748634338379,0.0235294122248888,0.2196078449487686,0.0,0.6169772744178772,197.9613800048828,330.2268981933594
14.248570442199707,0.0235294122248888,0.2196078449487686,0.0,0.6451207995414734,198.8314666748047,330.2361755371094
14.24641227722168,0.0235294122248888,0.2196078449487686,0.0,0.6736826300621033,199.72705078125,330.2461242675781
14.245745658874512,-0.0235294122248888,0.2156862765550613,0.0,0.6921608448028564,200.3115234375,330.2529296875
14.24258804321289,-0.0235294122248888,0.211764708161354,0.0,0.7099117040634155,201.16880798339844,330.26287841796875
14.240345001220703,-0.0235294122248888,0.211764708161354,0.0,0.7144705057144165,201.7458038330078,330.2696533203125
14.237713813781738,-0.0235294122248888,0.211764708161354,0.0,0.7143961191177368,202.33909606933594,330.27655029296875
14.235036849975586,0.0235294122248888,0.211764708161354,0.0,0.710837185382843,202.89886474609375,330.2829895019531
14.229058265686035,0.0235294122248888,0.211764708161354,0.0,0.7045004367828369,204.0734100341797,330.2969970703125
14.224533081054688,0.0235294122248888,0.211764708161354,0.0,0.7100198268890381,204.93209838867188,330.3076171875
14.222912788391113,0.0235294122248888,0.211764708161354,0.0,0.7173420190811157,205.5130157470703,330.3149108886719
14.218294143676758,0.0235294122248888,0.211764708161354,0.0,0.7270702719688416,206.10354614257812,330.3224792480469
14.215106010437012,0.0235294122248888,0.211764708161354,0.0,0.7387608289718628,206.70111083984375,330.33026123046875
14.212159156799316,0.0235294122248888,0.211764708161354,0.0,0.7509098649024963,207.25436401367188,330.3375244140625
14.20732593536377,0.0235294122248888,0.211764708161354,0.0,0.7728796005249023,208.1632537841797,330.3497314453125
14.202624320983887,0.0235294122248888,0.211764708161354,0.0,0.7961440682411194,209.05023193359375,330.36181640625
14.201057434082031,-0.0235294122248888,0.2196078449487686,0.0,0.8028192520141602,209.34567260742188,330.36590576171875
14.196115493774414,-0.0235294122248888,0.2196078449487686,0.0,0.8136890530586243,210.49403381347656,330.3814392089844
14.194266319274902,-0.0235294122248888,0.2196078449487686,0.0,0.8122352957725525,211.079345703125,330.3894348144531
14.192657470703125,-0.0235294122248888,0.2196078449487686,0.0,0.8073359727859497,211.66696166992188,330.3973388671875
14.190574645996094,-0.0235294122248888,0.2196078449487686,0.0,0.7952902317047119,212.5342559814453,330.4089050292969
14.189261436462402,-0.0235294122248888,0.2196078449487686,0.0,0.7845262289047241,213.13194274902344,330.4168395996094
14.18742847442627,-0.0235294122248888,0.2196078449487686,0.0,0.7594898343086243,214.29171752929688,330.4319763183594
14.186238288879395,-0.0235294122248888,0.2196078449487686,0.0,0.7519699931144714,214.60777282714844,330.43603515625
14.18453311920166,-0.0235294122248888,0.2196078449487686,0.0,0.730151891708374,215.47727966308594,330.4471435546875
14.184002876281738,-0.0235294122248888,0.2196078449487686,0.0,0.7230100631713867,215.75059509277344,330.4505920410156
14.181744575500488,-0.0235294122248888,0.2196078449487686,0.0,0.6911138296127319,216.9296875,330.4651184082031
14.181235313415527,-0.0235294122248888,0.2196078449487686,0.0,0.6836214661598206,217.19924926757812,330.4683532714844
14.179059982299805,-0.0235294122248888,0.2196078449487686,0.0,0.650846004486084,218.35787963867188,330.4819030761719
14.178014755249023,-0.0235294122248888,0.2196078449487686,0.0,0.6347827315330505,218.9166717529297,330.48822021484375
14.177021980285645,-0.0235294122248888,0.2196078449487686,0.0,0.6193241477012634,219.45046997070312,330.494140625
14.175414085388184,-0.0235294122248888,0.2196078449487686,0.0,0.5940207839012146,220.3181610107422,330.50347900390625
14.174336433410645,-0.0235294122248888,0.2196078449487686,0.0,0.5768623948097229,220.90333557128906,330.509521484375
14.172773361206055,-0.0235294122248888,0.2196078449487686,0.0,0.5517223477363586,221.75729370117188,330.51812744140625
14.171720504760742,-0.0235294122248888,0.2196078449487686,0.0,0.5347257256507874,222.3329620361328,330.52362060546875
14.170536041259766,-0.0235294122248888,0.2196078449487686,0.0,0.5153930187225342,222.98655700683594,330.5297546386719
14.168988227844238,-0.0235294122248888,0.2196078449487686,0.0,0.4900519549846649,223.84176635742188,330.5374450683594
14.16741943359375,0.0235294122248888,0.2196078449487686,0.0,0.45448824763298035,225.04000854492188,330.547607421875
14.166338920593262,0.0235294122248888,0.2196078449487686,0.0,0.44767382740974426,225.31472778320312,330.5498352050781
14.16528606414795,0.0235294122248888,0.2196078449487686,0.0,0.43825533986091614,225.90110778808594,330.5547180175781
14.163775444030762,0.0235294122248888,0.2196078449487686,0.0,0.43472543358802795,226.7489013671875,330.5617980957031
14.162692070007324,0.0235294122248888,0.2196078449487686,0.0,0.4377098083496094,227.35952758789062,330.56689453125
14.161672592163086,0.0235294122248888,0.2196078449487686,0.0,0.44388023018836975,227.93878173828125,330.57171630859375
14.160194396972656,0.0235294122248888,0.2313725501298904,0.0,0.4571884572505951,228.78033447265625,330.5787353515625
14.159783363342285,0.0235294122248888,0.239215686917305,0.0,0.46233367919921875,229.05072021484375,330.5810546875
14.161152839660645,0.0235294122248888,0.2705882489681244,0.0,0.487761914730072,230.20594787597656,330.5910949707031
14.168353080749512,-0.0235294122248888,0.3058823645114898,0.0,0.5042528510093689,231.02700805664062,330.5982360839844
14.184207916259766,-0.0235294122248888,0.3137255012989044,0.0,0.5096403360366821,231.87396240234375,330.60540771484375
14.190646171569824,-0.0235294122248888,0.3137255012989044,0.0,0.5093902349472046,232.14114379882812,330.60760498046875
14.214362144470215,-0.0235294122248888,0.3176470696926117,0.0,0.5040068626403809,232.98809814453125,330.6145935058594
14.241839408874512,-0.0235294122248888,0.3176470696926117,0.0,0.49302276968955994,233.8467559814453,330.62164306640625
14.260303497314453,-0.0235294122248888,0.3176470696926117,0.0,0.48405569791793823,234.38597106933594,330.6259765625
14.280675888061523,-0.0235294122248888,0.3215686380863189,0.0,0.47316473722457886,234.9624481201172,330.63055419921875
14.311518669128418,-0.0235294122248888,0.3215686380863189,0.0,0.4551820158958435,235.8134002685547,330.63714599609375
14.333698272705078,-0.0235294122248888,0.3215686380863189,0.0,0.44154664874076843,236.40963745117188,330.64166259765625
14.367003440856934,-0.0235294122248888,0.3215686380863189,0.0,0.4204399883747101,237.2842254638672,330.6481628417969
14.389111518859863,-0.0235294122248888,0.3137255012989044,0.0,0.40583372116088867,237.86685180664062,330.65234375
14.420788764953613,-0.0235294122248888,0.3098039329051971,0.0,0.3837471008300781,238.72421264648438,330.6582336425781
14.4507417678833,-0.0235294122248888,0.3058823645114898,0.0,0.3613732159137726,239.5725860595703,330.663818359375
14.471564292907715,-0.0235294122248888,0.3058823645114898,0.0,0.34498104453086853,240.18508911132812,330.6676025390625
14.509814262390137,-0.0235294122248888,0.3019607961177826,0.0,0.31312263011932373,241.359619140625,330.6744384765625
14.518195152282715,-0.0235294122248888,0.3019607961177826,0.0,0.30583280324935913,241.62611389160156,330.6759338378906
14.54459285736084,-0.0235294122248888,0.3019607961177826,0.0,0.28214725852012634,242.48760986328125,330.6805114746094
14.570054054260254,-0.0235294122248888,0.2980392277240753,0.0,0.25839120149612427,243.34620666503906,330.6846923828125
14.59396743774414,-0.0705882385373115,0.2901960909366607,0.0,0.2311079502105713,244.19065856933594,330.6882629394531
14.602559089660645,-0.0705882385373115,0.2862745225429535,0.0,0.21758753061294556,244.50636291503906,330.689453125
14.624700546264648,-0.0705882385373115,0.2666666805744171,0.0,0.1720147728919983,245.3796844482422,330.6921081542969
14.643285751342773,-0.0235294122248888,0.2627451121807098,0.0,0.11563026905059814,246.2777557373047,330.6940612792969
14.658766746520996,-0.0235294122248888,0.2588235437870025,0.0,0.06068207323551178,247.19461059570312,330.6955871582031
14.662827491760254,-0.0235294122248888,0.2588235437870025,0.0,0.046459414064884186,247.46063232421875,330.69598388671875
14.675956726074219,-0.0235294122248888,0.2588235437870025,0.0,5.3765550546813756e-05,248.41766357421875,330.69696044921875
14.682772636413574,-0.0235294122248888,0.2588235437870025,0.0,-0.023773193359375,248.9654083251953,330.69720458984375
14.693110466003418,-0.0235294122248888,0.2549019753932953,0.0,-0.059509266167879105,249.8583984375,330.6971130371094
14.699285507202148,-0.0235294122248888,0.2549019753932953,0.0,-0.0812683179974556,250.4428253173828,330.6967468261719
14.705141067504883,-0.0235294122248888,0.250980406999588,0.0,-0.1021728441119194,251.02999877929688,330.6961975097656
14.710553169250488,-0.0235294122248888,0.2431372553110122,0.0,-0.12304685264825821,251.63937377929688,330.6953430175781
14.716988563537598,-0.0235294122248888,0.2431372553110122,0.0,-0.1531677395105362,252.5537567138672,330.6935729980469
14.722198486328125,-0.0235294122248888,0.2431372553110122,0.0,-0.182342529296875,253.47085571289062,330.6913146972656
14.7265043258667,-0.0235294122248888,0.2431372553110122,0.0,-0.20941162109375,254.34341430664062,330.6887512207031
14.727814674377441,-0.0235294122248888,0.2431372553110122,0.0,-0.21807861328125,254.62640380859375,330.6878356933594
14.730509757995605,-0.0235294122248888,0.2431372553110122,0.0,-0.2364501655101776,255.2303009033203,330.6856689453125
14.735457420349121,-0.0235294122248888,0.2431372553110122,0.0,-0.27142333984375,256.3926086425781,330.68084716796875
14.7391939163208,-0.0235294122248888,0.2431372553110122,0.0,-0.298583984375,257.3040466308594,330.6765441894531
14.740408897399902,-0.0235294122248888,0.2431372553110122,0.0,-0.3075256049633026,257.605224609375,330.6750793457031
14.744040489196777,-0.0235294122248888,0.2431372553110122,0.0,-0.334320068359375,258.5110778808594,330.6703186035156
14.745199203491211,-0.0235294122248888,0.2431372553110122,0.0,-0.342926025390625,258.8027038574219,330.6686706542969
14.749883651733398,-0.0235294122248888,0.2431372553110122,0.0,-0.3779297173023224,259.9916076660156,330.66156005859375
14.750957489013672,-0.0235294122248888,0.2431372553110122,0.0,-0.38601675629615784,260.2667541503906,330.6597900390625
14.755870819091797,-0.0235294122248888,0.2431372553110122,0.0,-0.42315673828125,261.5321044921875,330.6512145996094
14.757997512817383,-0.0235294122248888,0.2431372553110122,0.0,-0.4393310248851776,262.08355712890625,330.6471862792969
14.760346412658691,-0.0235294122248888,0.2431372553110122,0.0,-0.4572753310203552,262.6962585449219,330.64251708984375
14.76585865020752,-0.0235294122248888,0.2431372553110122,0.0,-0.4996338188648224,264.1427917480469,330.6307678222656
14.76585865020752,-0.0235294122248888,0.2431372553110122,0.0,-0.4996338188648224,264.1427917480469,330.6307678222656
14.769210815429688,-0.0235294122248888,0.2431372553110122,0.0,-0.5256041288375854,265.02947998046875,330.623046875
14.771505355834961,0.0235294122248888,0.2431372553110122,0.0,-0.5420225858688354,265.64031982421875,330.6175842285156
14.775871276855469,0.0235294122248888,0.2431372553110122,0.0,-0.5552366375923157,266.8090515136719,330.60711669921875
14.777026176452637,0.0235294122248888,0.2431372553110122,0.0,-0.5555113554000854,267.120361328125,330.6042785644531
14.77910327911377,0.0235294122248888,0.2431372553110122,0.0,-0.5531310439109802,267.68145751953125,330.599365234375
14.783576011657715,0.0235294122248888,0.2431372553110122,0.0,-0.5390319228172302,268.89324951171875,330.58856201171875
14.78683853149414,0.0235294122248888,0.2431372553110122,0.0,-0.5228881239891052,269.7838439941406,330.5806884765625
14.788857460021973,0.0235294122248888,0.2431372553110122,0.0,-0.5110777616500854,270.33807373046875,330.5758972167969
14.791053771972656,0.0235294122248888,0.2431372553110122,0.0,-0.4970702528953552,270.9411926269531,330.5707702636719
14.79432487487793,0.0235294122248888,0.2431372553110122,0.0,-0.4743041694164276,271.8465270996094,330.563232421875
14.796534538269043,0.0235294122248888,0.2431372553110122,0.0,-0.4579467177391052,272.4599609375,330.5582275390625
14.79970645904541,0.0235294122248888,0.2431372553110122,0.0,-0.4333495497703552,273.3454895019531,330.5513610839844
14.801836013793945,0.0235294122248888,0.2431372553110122,0.0,-0.416229248046875,273.94451904296875,330.54681396484375
14.803885459899902,0.0235294122248888,0.2431372553110122,0.0,-0.3994750678539276,274.5213623046875,330.54266357421875
14.809138298034668,-0.0235294122248888,0.2431372553110122,0.0,-0.359588623046875,276.0160827636719,330.53228759765625
14.809138298034668,-0.0235294122248888,0.2431372553110122,0.0,-0.359588623046875,276.0160827636719,330.53228759765625
14.813350677490234,-0.0235294122248888,0.2431372553110122,0.0,-0.3502196967601776,277.220458984375,330.5238952636719
14.81533145904541,-0.0235294122248888,0.2431372553110122,0.0,-0.3519591987133026,277.7902526855469,330.51995849609375
14.816439628601074,-0.0235294122248888,0.2431372553110122,0.0,-0.3541869819164276,278.1103210449219,330.5177307128906
14.819790840148926,-0.0235294122248888,0.2431372553110122,0.0,-0.36553955078125,279.08099365234375,330.5109558105469
14.82381820678711,-0.0235294122248888,0.2431372553110122,0.0,-0.3862609565258026,280.260009765625,330.5026550292969
14.825865745544434,-0.0235294122248888,0.2431372553110122,0.0,-0.3989257216453552,280.8628845214844,330.4983215332031
14.827753067016602,-0.0235294122248888,0.2431372553110122,0.0,-0.4115294814109802,281.4191589355469,330.4942626953125
14.82983112335205,-0.0235294122248888,0.2431372553110122,0.0,-0.4262999892234802,282.03558349609375,330.4896545410156
14.832877159118652,-0.0235294122248888,0.2431372553110122,0.0,-0.4491880536079407,282.9405822753906,330.4826354980469
14.834983825683594,-0.0235294122248888,0.2431372553110122,0.0,-0.46575927734375,283.5712585449219,330.4776611328125
14.838899612426758,-0.0235294122248888,0.2431372553110122,0.0,-0.4978027939796448,284.7510986328125,330.46783447265625
14.840913772583008,-0.0235294122248888,0.2431372553110122,0.0,-0.5147705674171448,285.36212158203125,330.46246337890625
14.841854095458984,-0.0235294122248888,0.2431372553110122,0.0,-0.5227965712547302,285.6479187011719,330.45989990234375
14.844805717468262,-0.0235294122248888,0.2431372553110122,0.0,-0.548248291015625,286.5490417480469,330.45166015625
14.846635818481445,-0.0235294122248888,0.2470588237047195,0.0,-0.5643004179000854,287.1123046875,330.4463195800781
14.84991455078125,-0.0235294122248888,0.250980406999588,0.0,-0.5904539823532104,288.0242614746094,330.4373474121094
14.852666854858398,-0.0235294122248888,0.250980406999588,0.0,-0.6080932021141052,288.63592529296875,330.4310607910156
14.857267379760742,-0.0235294122248888,0.2588235437870025,0.0,-0.6336669325828552,289.5213928222656,330.421630859375
14.861032485961914,-0.0235294122248888,0.2627451121807098,0.0,-0.6510924696922302,290.12322998046875,330.4150390625
14.868258476257324,0.0235294122248888,0.2549019753932953,0.0,-0.6774596571922302,291.0335693359375,330.4046325683594
14.876436233520508,0.0235294122248888,0.2431372553110122,0.0,-0.69451904296875,291.95904541015625,330.39404296875
14.880614280700684,0.0235294122248888,0.2313725501298904,0.0,-0.698211669921875,292.5675048828125,330.3870544433594
14.884363174438477,0.0235294122248888,0.211764708161354,0.0,-0.695465087890625,293.4805908203125,330.37664794921875
14.884378433227539,0.0235294122248888,0.0196078438311815,0.0,-0.6898497939109802,294.0462341308594,330.3702392578125
14.878691673278809,0.0235294122248888,0.0,-0.0117647061124444,-0.681610107421875,294.6384582519531,330.3635559082031
14.853254318237305,0.0235294122248888,0.4666666686534881,-0.6823529601097107,-0.6710814833641052,295.2537536621094,330.3565979003906
14.700264930725098,0.0235294122248888,0.8196078538894653,-1.0,-0.654144287109375,296.1373291015625,330.3466796875
14.117305755615234,0.0235294122248888,0.8980392217636108,-1.0,-0.63427734375,297.2834777832031,330.33416748046875
13.624890327453613,0.0235294122248888,0.91372549533844,-1.0,-0.6278992295265198,297.84130859375,330.3282470703125
13.348280906677246,0.0235294122248888,0.91372549533844,-1.0,-0.62615966796875,298.1048278808594,330.3254699707031
12.415619850158691,0.0235294122248888,0.9215686321258544,-1.0,-0.626373291015625,298.8538818359375,330.3177185058594
11.333149909973145,0.0235294122248888,0.9254902005195618,-1.0,-0.635589599609375,299.56170654296875,330.31060791015625
10.193724632263184,0.0235294122248888,0.9333333373069764,-1.0,-0.652984619140625,300.18505859375,330.3045349121094
9.771324157714844,0.0235294122248888,0.9372549057006836,-1.0,-0.6610107421875,300.3909912109375,330.3025207519531
8.35899829864502,0.0235294122248888,0.945098042488098,-1.0,-0.6929931640625,300.9845275878906,330.296875
6.963932991027832,0.0235294122248888,0.9882352948188782,-1.0,-0.7214354872703552,301.4481506347656,330.2924499511719
6.021705150604248,0.0235294122248888,0.9843137264251708,-1.0,-0.7362061142921448,301.68408203125,330.2901916503906
4.530121803283691,0.0235294122248888,0.9764705896377563,-1.0,-0.7587586641311646,301.98785400390625,330.2872619628906
3.027520179748535,0.0235294122248888,0.9725490212440492,-1.0,-0.77923583984375,302.2051086425781,330.2851867675781
1.9928014278411865,0.0235294122248888,0.9607843160629272,-1.0,-0.7913817167282104,302.30364990234375,330.2843017578125
0.5097392201423645,0.0235294122248888,0.9529411792755128,-1.0,-0.8045044541358948,302.3716125488281,330.2836608886719
0.15250805020332336,0.0235294122248888,0.9490196108818054,-1.0,-0.8067626357078552,302.37567138671875,330.2836608886719
-0.001471026218496263,0.0235294122248888,0.929411768913269,-1.0,-0.806915283203125,302.3757019042969,330.2836608886719
-0.002178105991333723,0.0235294122248888,0.9215686321258544,-1.0,-0.8069153428077698,302.3756103515625,330.2836608886719
-0.002194721018895507,0.0235294122248888,0.9176470637321472,-1.0,-0.8069152235984802,302.3755187988281,330.2836608886719
-0.0020869639702141285,0.0235294122248888,0.9098039269447328,-1.0,-0.8069152235984802,302.3755187988281,330.2836608886719
-0.001962079666554928,0.0235294122248888,0.8941176533699036,-1.0,-0.806915283203125,302.37548828125,330.2836608886719
-0.0013267627218738198,0.0235294122248888,0.8705882430076599,-1.0,-0.8068847060203552,302.3753967285156,330.2836608886719
-0.0008660996682010591,0.0235294122248888,0.8549019694328308,-1.0,-0.8068847060203552,302.3753356933594,330.2836608886719
-0.0006124577485024929,0.0235294122248888,0.8352941274642944,-1.0,-0.8068848252296448,302.3753662109375,330.2836608886719
-0.00039302531513385475,0.0235294122248888,0.800000011920929,-1.0,-0.806884765625,302.3753967285156,330.2836608886719
-0.00015079752483870834,0.0235294122248888,0.7137255072593689,-1.0,-0.8068847060203552,302.3753967285156,330.2836608886719
-4.758176510222256e-05,0.0235294122248888,0.572549045085907,-0.91372549533844,-0.806884765625,302.3753967285156,330.2836608886719
6.826585013186559e-05,0.0235294122248888,0.5215686559677124,-0.8588235378265381,-0.806884765625,302.3753967285156,330.2836608886719
2.8756181563949212e-05,0.0235294122248888,0.4980392158031463,-0.8313725590705872,-0.806884765625,302.3753967285156,330.2836608886719
7.33983179088682e-05,0.0235294122248888,0.450980395078659,-0.7647058963775635,-0.8068847060203552,302.3753967285156,330.2836608886719
8.48044001031667e-05,0.0235294122248888,0.4313725531101227,-0.7411764860153198,-0.8068846464157104,302.3753967285156,330.2836608886719
8.361363870790228e-05,0.0235294122248888,0.3607843220233917,-0.6549019813537598,-0.8068847060203552,302.3753967285156,330.2836608886719
7.554837793577462e-05,0.0235294122248888,0.3294117748737335,-0.615686297416687,-0.806884765625,302.3753967285156,330.2836608886719
5.799843347631395e-05,0.0235294122248888,0.2784313857555389,-0.5529412031173706,-0.8068847060203552,302.3753967285156,330.2836608886719
3.9273578295251355e-05,0.0235294122248888,0.1960784345865249,-0.4549019634723663,-0.806884765625,302.3753662109375,330.2836608886719
3.376989843673073e-05,0.0235294122248888,0.1411764770746231,-0.3882353007793426,-0.8068847060203552,302.3753662109375,330.2836608886719
1.9324908862472512e-05,0.0235294122248888,0.0901960805058479,-0.3137255012989044,-0.806884765625,302.3753662109375,330.2836608886719
2.538821036068839e-06,0.0235294122248888,0.0,-0.1725490242242813,-0.8068846464157104,302.3753662109375,330.2836608886719
2.4998007575049996e-06,0.0235294122248888,0.0,-0.0980392172932624,-0.8068846464157104,302.3753662109375,330.2836608886719
2.817534777932451e-06,0.0235294122248888,0.0,-0.0235294122248888,-0.8068847060203552,302.3753662109375,330.2836608886719
1.6439119008282432e-06,0.0235294122248888,0.0,0.0,-0.8068847060203552,302.3753662109375,330.2836608886719
2.059179450952797e-06,0.0235294122248888,0.0,0.0,-0.8068847060203552,302.3753662109375,330.2836608886719
2.1374571588239633e-06,0.0235294122248888,0.0,0.0,-0.8068847060203552,302.3753662109375,330.2836608886719
1.9757103473239113e-06,0.0235294122248888,0.0,0.0,-0.8068847060203552,302.3753662109375,330.2836608886719
0.0,0.0235294122248888,0.0,0.0,-0.8068847060203552,302.3753662109375,330.2836608886719
-2.9451566661009565e-06,0.0235294122248888,0.0,0.0,-0.8068847060203552,302.3753662109375,330.2836608886719
1.1380502655811142e-06,0.0235294122248888,0.0,0.0,-0.8068847060203552,302.3753662109375,330.2836608886719
1.1380502655811142e-06,0.0235294122248888,0.0,0.0,-0.8068847060203552,302.3753662109375,330.2836608886719
2.8959250357729616e-06,0.0235294122248888,0.0,0.0,-0.8068847060203552,302.3753662109375,330.2836608886719
2.2816045657236828e-06,0.0235294122248888,0.0,0.0,-0.8068847060203552,302.3753662109375,330.2836608886719
1.9481080926198047e-06,0.0235294122248888,0.0,0.0,-0.8068847060203552,302.3753662109375,330.2836608886719
-2.4612249944766518e-06,0.0235294122248888,0.0,0.0,-0.8068847060203552,302.3753662109375,330.2836608886719
-3.0526286991516827e-06,0.0235294122248888,0.0,0.0,-0.8068847060203552,302.3753662109375,330.2836608886719
-2.981287934744614e-06,0.0235294122248888,0.0,0.0,-0.8068847060203552,302.3753662109375,330.2836608886719
1.8418212448523263e-06,0.0235294122248888,0.0,0.0,-0.8068847060203552,302.3753662109375,330.2836608886719
1.1828974493255373e-06,0.0235294122248888,0.0,0.0,-0.8068847060203552,302.3753662109375,330.2836608886719
2.1847338302904973e-06,0.0235294122248888,0.0,0.0,-0.8068847060203552,302.3753662109375,330.2836608886719
-1.9297146991448244e-06,0.0235294122248888,0.0,0.0,-0.8068847060203552,302.3753662109375,330.2836608886719
1.6051732245614403e-06,0.0235294122248888,0.0,0.0,-0.8068847060203552,302.3753662109375,330.2836608886719
2.079463456539088e-06,0.0235294122248888,0.0,0.0,-0.8068847060203552,302.3753662109375,330.2836608886719
2.6319555672671413e-06,0.0235294122248888,0.0,0.0,-0.8068847060203552,302.3753662109375,330.2836608886719
0.0,0.0235294122248888,0.0,0.0,-0.8068847060203552,302.3753662109375,330.2836608886719
1.323384481111134e-06,0.0235294122248888,0.0,0.0,-0.8068847060203552,302.3753662109375,330.2836608886719
-2.5359470328112366e-06,0.0235294122248888,0.0,0.0,-0.8068847060203552,302.3753662109375,330.2836608886719
2.197565663664136e-06,0.0235294122248888,0.0,0.0,-0.8068847060203552,302.3753662109375,330.2836608886719
2.3878258161857957e-06,0.0235294122248888,0.0,0.0,-0.8068847060203552,302.3753662109375,330.2836608886719
1.1830479706986807e-06,0.0235294122248888,0.0,0.0,-0.8068847060203552,302.3753662109375,330.2836608886719
8.566035489820933e-07,0.0235294122248888,0.0,0.0,-0.8068847060203552,302.3753662109375,330.2836608886719
9.547412673782674e-07,0.0235294122248888,0.0,0.0,-0.8068847060203552,302.3753662109375,330.2836608886719
-1.9472160772693314e-07,0.0235294122248888,0.0,0.0,-0.8068847060203552,302.3753662109375,330.2836608886719
2.9429645564960083e-06,0.0235294122248888,0.0,0.0,-0.8068847060203552,302.3753662109375,330.2836608886719
2.43668523580709e-06,0.0235294122248888,0.0,0.0,-0.8068847060203552,302.3753662109375,330.2836608886719
5.074710429653351e-07,0.0235294122248888,0.0,0.0,-0.8068847060203552,302.3753662109375,330.2836608886719
2.2428889678849373e-06,0.0235294122248888,0.0,0.0,-0.8068847060203552,302.3753662109375,330.2836608886719
-2.455634103171178e-06,0.0235294122248888,0.0,0.0,-0.8068847060203552,302.3753662109375,330.2836608886719
7.552956162726332e-07,0.0235294122248888,0.0,0.0,-0.8068847060203552,302.3753662109375,330.2836608886719
-3.6393114442034857e-06,0.0235294122248888,0.0,0.0,-0.8068847060203552,302.3753662109375,330.2836608886719
8.48828506150312e-07,0.0235294122248888,0.0,0.0,-0.8068847060203552,302.3753662109375,330.2836608886719
2.303985411344911e-06,0.0235294122248888,0.0,0.0,-0.8068847060203552,302.3753662109375,330.2836608886719
2.2104641175246798e-06,0.0235294122248888,0.0,0.0,-0.8068847060203552,302.3753662109375,330.2836608886719
-3.1708573260402773e-06,0.0235294122248888,0.0,0.0,-0.8068847060203552,302.3753662109375,330.2836608886719
-2.3228274130815407e-06,0.0235294122248888,0.0,0.0,-0.8068847060203552,302.3753662109375,330.2836608886719
-3.241009608245804e-06,0.0235294122248888,0.0,0.0,-0.8068847060203552,302.3753662109375,330.2836608886719
-2.9555103537859395e-06,0.0235294122248888,0.0,0.0,-0.8068847060203552,302.3753662109375,330.2836608886719
1.7052951761797885e-06,0.0235294122248888,0.0,0.0,-0.8068847060203552,302.3753662109375,330.2836608886719
1.4965448826842476e-06,0.0235294122248888,0.0,0.0,-0.8068847060203552,302.3753662109375,330.2836608886719
2.1977452888677362e-06,0.0235294122248888,0.0,0.0,-0.8068847060203552,302.3753662109375,330.2836608886719
1.35386687816208e-06,0.0235294122248888,0.0,0.0,-0.8068847060203552,302.3753662109375,330.2836608886719
1.344281713500095e-06,0.0235294122248888,0.0,0.0,-0.8068847060203552,302.3753662109375,330.2836608886719
4.882968482888828e-07,0.0235294122248888,0.0,0.0,-0.8068847060203552,302.3753662109375,330.2836608886719
-2.9829245704604546e-06,0.0235294122248888,0.0,0.0,-0.8068847060203552,302.3753662109375,330.2836608886719
-1.8184357486461522e-06,0.0235294122248888,0.0,0.0,-0.8068847060203552,302.3753662109375,330.2836608886719
-1.5364914816018427e-06,0.0235294122248888,0.0,0.0,-0.8068847060203552,302.3753662109375,330.2836608886719
-2.0466986825340427e-06,0.0235294122248888,0.0,0.0,-0.8068847060203552,302.3753662109375,330.2836608886719
-4.23907840740867e-06,0.0235294122248888,0.0,0.0,-0.8068847060203552,302.3753662109375,330.2836608886719
3.619274480115564e-07,0.0235294122248888,0.0,0.0,-0.8068847060203552,302.3753662109375,330.2836608886719
1.8308040807824e-06,0.0235294122248888,0.0,0.0,-0.8068847060203552,302.3753662109375,330.2836608886719
1.7036061308317585e-06,0.0235294122248888,0.0,0.0,-0.8068847060203552,302.3753662109375,330.2836608886719
-2.286351445945911e-06,0.0235294122248888,0.0,0.0,-0.8068847060203552,302.3753662109375,330.2836608886719
-2.005856003961526e-06,0.0235294122248888,0.0,0.0,-0.8068847060203552,302.3753662109375,330.2836608886719
6.728498078700795e-07,0.0235294122248888,0.0,0.0,-0.8068847060203552,302.3753662109375,330.2836608886719
2.8318520435277605e-06,0.0235294122248888,0.0,0.0,-0.8068847060203552,302.3753662109375,330.2836608886719
0.0,0.0235294122248888,0.0,0.0,-0.8068847060203552,302.3753662109375,330.2836608886719
1.9105175397271523e-06,0.0235294122248888,0.0,0.0,-0.8068847060203552,302.3753662109375,330.2836608886719
-1.1312474725855282e-06,0.0235294122248888,0.0,0.0,-0.8068847060203552,302.3753662109375,330.2836608886719
3.7427066672535148e-06,0.0235294122248888,0.0,0.0,-0.8068847060203552,302.3753662109375,330.2836608886719
3.5911273243982578e-06,0.0235294122248888,0.0,0.0,-0.8068847060203552,302.3753662109375,330.2836608886719
2.653479441505624e-06,0.0235294122248888,0.0,0.0,-0.8068847060203552,302.3753662109375,330.2836608886719
2.3785416942700977e-06,0.0235294122248888,0.0,0.0,-0.8068847060203552,302.3753662109375,330.2836608886719
-1.4099368854658678e-06,0.0235294122248888,0.0,0.0,-0.8068847060203552,302.3753662109375,330.2836608886719
0.0,0.0235294122248888,0.0,0.0,-0.8068847060203552,302.3753662109375,330.2836608886719
-8.903597858989087e-07,0.0235294122248888,0.0,0.0,-0.8068847060203552,302.3753662109375,330.2836608886719
3.75122749574075e-06,0.0235294122248888,0.0,0.0,-0.8068847060203552,302.3753662109375,330.2836608886719
3.0556439014617354e-06,0.0235294122248888,0.0,0.0,-0.8068847060203552,302.3753662109375,330.2836608886719
-1.9884244011336705e-06,0.0235294122248888,0.0,0.0,-0.8068847060203552,302.3753662109375,330.2836608886719
-1.1422428514151761e-07,0.0235294122248888,0.0,0.0,-0.8068847060203552,302.3753662109375,330.2836608886719
5.940672167525918e-07,0.0235294122248888,0.0,0.0,-0.8068847060203552,302.3753662109375,330.2836608886719
3.1332756833535313e-08,0.0235294122248888,0.0,0.0,-0.8068847060203552,302.3753662109375,330.2836608886719
1.2821340078517096e-06,0.0235294122248888,0.0,0.0,-0.8068847060203552,302.3753662109375,330.2836608886719
0.0,0.0235294122248888,0.0,0.0,-0.8068847060203552,302.3753662109375,330.2836608886719
1.53630799104576e-06,0.0235294122248888,0.0,0.0,-0.8068847060203552,302.3753662109375,330.2836608886719
1.6237706859101309e-06,0.0235294122248888,0.0,0.0,-0.8068847060203552,302.3753662109375,330.2836608886719
1.9770889139181236e-06,0.0235294122248888,0.0,0.0,-0.8068847060203552,302.3753662109375,330.2836608886719
1.1247421980442596e-06,0.0235294122248888,0.0,0.0,-0.8068847060203552,302.3753662109375,330.2836608886719
2.3483332824980607e-06,0.0235294122248888,0.0,0.0,-0.8068847060203552,302.3753662109375,330.2836608886719
-3.0438106932706432e-06,0.0235294122248888,0.0,0.0,-0.8068847060203552,302.3753662109375,330.2836608886719
1.6653449392833863e-06,0.0235294122248888,0.0,0.0,-0.8068847060203552,302.3753662109375,330.2836608886719
-2.793442035908811e-06,0.0235294122248888,0.0,0.0,-0.8068847060203552,302.3753662109375,330.2836608886719
1.4163056221150327e-06,0.0235294122248888,0.0,0.0,-0.8068847060203552,302.3753662109375,330.2836608886719
-2.9870047910662834e-06,0.0235294122248888,0.0,0.0,-0.8068847060203552,302.3753662109375,330.2836608886719
-2.1777270831080386e-06,0.0235294122248888,0.0,0.0,-0.8068847060203552,302.3753662109375,330.2836608886719
-1.0264500360790407e-06,0.0235294122248888,0.0,0.0,-0.8068847060203552,302.3753662109375,330.2836608886719
-7.77229843151872e-07,0.0235294122248888,0.0,0.0,-0.8068847060203552,302.3753662109375,330.2836608886719
-8.149073664753814e-07,0.0235294122248888,0.0,0.0,-0.8068847060203552,302.3753662109375,330.2836608886719
4.162314326094929e-06,0.0235294122248888,0.0,0.0,-0.8068847060203552,302.3753662109375,330.2836608886719
-1.0596164656817564e-06,0.0235294122248888,0.0,0.0,-0.8068847060203552,302.3753662109375,330.2836608886719
-1.8328705664316658e-07,0.0235294122248888,0.0,0.0,-0.8068847060203552,302.3753662109375,330.2836608886719
-2.3868833523010835e-06,0.0235294122248888,0.0,0.0,-0.8068847060203552,302.3753662109375,330.2836608886719
1.4447689409280429e-06,0.0235294122248888,0.0,0.0,-0.8068847060203552,302.3753662109375,330.2836608886719
1.529129008304153e-06,0.0235294122248888,0.0,0.0,-0.8068847060203552,302.3753662109375,330.2836608886719
-2.6658074148144806e-06,0.0235294122248888,0.0,0.0,-0.8068847060203552,302.3753662109375,330.2836608886719
-2.367544993830961e-06,0.0235294122248888,0.0,0.0,-0.8068847060203552,302.3753662109375,330.2836608886719
1.0508010745979846e-06,0.0235294122248888,0.0,0.0,-0.8068847060203552,302.3753662109375,330.2836608886719
2.0129048152739415e-06,0.0235294122248888,0.0,0.0,-0.8068847060203552,302.3753662109375,330.2836608886719
-1.106413833440456e-06,0.0235294122248888,0.0,0.0,-0.8068847060203552,302.3753662109375,330.2836608886719
-2.193190766774933e-06,0.0235294122248888,0.0,0.0,-0.8068847060203552,302.3753662109375,330.2836608886719
7.356339324360306e-07,0.0235294122248888,0.0,0.0,-0.8068847060203552,302.3753662109375,330.2836608886719
9.145963986156858e-07,0.0235294122248888,0.0,0.0,-0.8068847060203552,302.3753662109375,330.2836608886719
1.6454531532872352e-06,0.0235294122248888,0.0,0.0,-0.8068847060203552,302.3753662109375,330.2836608886719
1.4274410204961896e-06,0.0235294122248888,0.0,0.0,-0.8068847060203552,302.3753662109375,330.2836608886719
9.08219021766854e-07,0.0235294122248888,0.0,0.0,-0.8068847060203552,302.3753662109375,330.2836608886719
1.3009783970119315e-06,0.0235294122248888,0.0,0.0,-0.8068847060203552,302.3753662109375,330.2836608886719
-3.768016767935478e-06,0.0235294122248888,0.0,0.0,-0.8068847060203552,302.3753662109375,330.2836608886719
-2.16881721826212e-06,0.0235294122248888,0.0,0.0,-0.8068847060203552,302.3753662109375,330.2836608886719
2.07229550142074e-06,0.0235294122248888,0.0,0.0,-0.8068847060203552,302.3753662109375,330.2836608886719
2.2903120679984568e-06,0.0235294122248888,0.0,0.0,-0.8068847060203552,302.3753662109375,330.2836608886719
2.5064243800443364e-06,0.0235294122248888,0.0,0.0,-0.8068847060203552,302.3753662109375,330.2836608886719
-2.6576840355119202e-06,0.0235294122248888,0.0,0.0,-0.8068847060203552,302.3753662109375,330.2836608886719
1.8358394981987658e-06,0.0235294122248888,0.0,0.0,-0.8068847060203552,302.3753662109375,330.2836608886719
2.2304618596535875e-06,0.0235294122248888,0.0,0.0,-0.8068847060203552,302.3753662109375,330.2836608886719
-4.256544343661517e-06,0.0235294122248888,0.0,0.0,-0.8068847060203552,302.3753662109375,330.2836608886719
1.3716014564124634e-06,0.0235294122248888,0.0,0.0,-0.8068847060203552,302.3753662109375,330.2836608886719
2.1808541532664094e-06,0.0235294122248888,0.0,0.0,-0.8068847060203552,302.3753662109375,330.2836608886719
-1.8609836160976556e-06,0.0235294122248888,0.0,0.0,-0.8068847060203552,302.3753662109375,330.2836608886719
-2.949300778709585e-06,0.0235294122248888,0.0,0.0,-0.8068847060203552,302.3753662109375,330.2836608886719
3.8044410644033633e-07,0.0235294122248888,0.0,0.0,-0.8068847060203552,302.3753662109375,330.2836608886719
-3.687326852741535e-06,0.0235294122248888,0.0,0.0,-0.8068847060203552,302.3753662109375,330.2836608886719
-2.2208178052096628e-06,0.0235294122248888,0.0,0.0,-0.8068847060203552,302.3753662109375,330.2836608886719
1.4330613566926331e-06,0.0235294122248888,0.0,0.0,-0.8068847060203552,302.3753662109375,330.2836608886719
2.805479880407802e-06,0.0235294122248888,0.0,0.0,-0.8068847060203552,302.3753662109375,330.2836608886719
2.8257145459065214e-06,0.0235294122248888,0.0,0.0,-0.8068847060203552,302.3753662109375,330.2836608886719
2.648917416081531e-06,0.0235294122248888,0.0,0.0,-0.8068847060203552,302.3753662109375,330.2836608886719
-2.40695999309537e-06,0.0235294122248888,0.0,0.0,-0.8068847060203552,302.3753662109375,330.2836608886719
1.044762939272914e-06,0.0235294122248888,0.0,0.0,-0.8068847060203552,302.3753662109375,330.2836608886719
2.7629932901618304e-06,0.0235294122248888,0.0,0.0,-0.8068847060203552,302.3753662109375,330.2836608886719
2.4108528577926336e-06,0.0235294122248888,0.0,0.0,-0.8068847060203552,302.3753662109375,330.2836608886719
3.2481279959029052e-06,0.0235294122248888,0.0,0.0,-0.8068847060203552,302.3753662109375,330.2836608886719
-9.460792682602914e-08,0.0235294122248888,0.0,0.0,-0.8068847060203552,302.3753662109375,330.2836608886719
-1.8182664689447847e-06,0.0235294122248888,0.0,0.0,-0.8068847060203552,302.3753662109375,330.2836608886719
2.7198061616218183e-06,0.0235294122248888,0.0,0.0,-0.8068847060203552,302.3753662109375,330.2836608886719
-1.4168656434776494e-06,0.0235294122248888,0.0,0.0,-0.8068847060203552,302.3753662109375,330.2836608886719
1.2825082649214892e-06,0.0235294122248888,0.0,0.0,-0.8068847060203552,302.3753662109375,330.2836608886719
2.3579102617077297e-06,0.0235294122248888,0.0,0.0,-0.8068847060203552,302.3753662109375,330.2836608886719
1.14537101580936e-06,0.0235294122248888,0.0,0.0,-0.8068847060203552,302.3753662109375,330.2836608886719
-1.9170249743183376e-06,0.0235294122248888,0.0,0.0,-0.8068847060203552,302.3753662109375,330.2836608886719
-4.609979896486038e-06,0.0235294122248888,0.0,0.0,-0.8068847060203552,302.3753662109375,330.2836608886719
-3.405770712561207e-06,0.0235294122248888,0.0,0.0,-0.8068847060203552,302.3753662109375,330.2836608886719
1.7886650311993435e-06,0.0235294122248888,0.0,0.0,-0.8068847060203552,302.3753662109375,330.2836608886719
2.8057895633537555e-06,0.0235294122248888,0.0,0.0,-0.8068847060203552,302.3753662109375,330.2836608886719
-2.1942119019513484e-06,0.0235294122248888,0.0,0.0,-0.8068847060203552,302.3753662109375,330.2836608886719
2.1278988242556807e-06,0.0235294122248888,0.0,0.0,-0.8068847060203552,302.3753662109375,330.2836608886719
1.3847969739799737e-06,0.0235294122248888,0.0,0.0,-0.8068847060203552,302.3753662109375,330.2836608886719
1.9388774035178358e-06,0.0235294122248888,0.0,0.0,-0.8068847060203552,302.3753662109375,330.2836608886719
0.0,0.0235294122248888,0.0,0.0,-0.8068847060203552,302.3753662109375,330.2836608886719
